offset_hou,length_hou,offset_sui,length_sui,text,translation,note
,,0x870bc,18,%d/%d ページ,%d/%d 页,
0x1493a3,5,,,%d分,%d分,
0x13d101,14,,,%d時間 %d分,%d小时 %d分,
0x147dde,7,0x8dfe8,6,0問目,,
0x14046f,4,,,0点,,
0x143a90,8,,,"1,800円",,
0x148a7c,7,,,1000年,,
0x13ecf7,12,,,100年以上,,
0x13d3fe,6,,,100点,,
0x143311,8,,,10円玉,,
0x14201f,8,0x8e020,8,10問目,,
0x143b28,15,,,10月4日未明,,
0x13e596,5,,,10点,,
0x14710d,8,0x8e02c,8,11問目,,
0x149021,5,,,11話,,
0x14945f,5,0x89d90,6,12個,,
0x13dd9a,5,,,12話,,
0x1439d0,5,,,17年,,
0x1468a6,7,0x8cf58,10,1969年,,
0x13e47b,7,0x8cf34,10,1970年,,
0x13f44e,7,0x8cf40,10,1971年,,
0x13e483,7,0x8cf4c,10,1972年,,
0x13ee3d,4,,,1人,,
0x141f34,10,,,1分以内,,
0x145d7e,7,0x8dfd0,6,1問目,,
0x1470e6,4,,,1本,,
0x13e5b2,8,,,"2,980円",,
0x148b5c,6,,,2.5本,,
0x148993,7,0x8c678,10,2006年,,
0x145ac9,7,0x8a4a8,10,2007年,,
0x141618,7,0x8a49c,10,2008年,,
0x146754,7,0x8a4b4,10,2009年,,
0x145ad1,7,0x8a4c0,10,2010年,,
0x143ff8,5,0x8c438,6,21名,,
0x13e3a0,5,0x89e28,6,25歳,,
0x146e39,5,0x8c420,6,26名,,
0x146183,5,0x8d7e0,6,26歳,,
0x13cc0a,5,0x8c428,6,27名,,
0x141117,5,,,28年,,
0x143856,5,0x89e20,6,28歳,,
0x143850,5,0x89e18,6,29歳,,
0x1496ba,4,,,2人,,
0x143b78,7,0x8dfd8,6,2問目,,
0x149aba,4,0x8b13c,4,2歳,,
0x148b55,6,,,3.5本,,
0x148981,5,0x8c430,6,30名,,
0x144055,5,0x8d7d8,6,31歳,,
0x147b05,7,0x8a03c,6,3代目,,
0x149a62,4,0x89d88,4,3個,,
0x13fcb1,10,,,3分以上,,
0x141931,7,0x8dfe0,6,3問目,,
0x14548c,4,0x8b134,4,3歳,,
0x14177a,4,,,3話,,
0x148237,5,0x8d7e8,6,40歳,,
0x142dc1,9,,,"49,800円",,
0x141f9a,4,,,4人,,
0x147375,4,0x89d80,4,4個,,
0x13e6e2,7,0x8dff0,6,4問目,,
0x1467c1,4,0x8b14c,4,4歳,,
0x1446e9,4,,,4話,,
0x143436,4,,,5人,,
0x14384b,4,,,5個,,
0x142dcb,10,,,5分以上,,
0x1427be,7,0x8dff8,6,5問目,,
0x143f8e,4,0x8b144,4,5歳,,
0x144ee8,7,0x8e000,6,6問目,,
0x13df39,15,,,6月22日未明,,
0x14274d,15,,,6月27日未明,,
0x140222,7,0x8a034,6,7代目,,
0x1476bf,7,0x8e008,6,7問目,,
0x1456a1,15,,,7月26日未明,,
0x1491df,4,,,7本,,
0x146d50,7,0x8a02c,6,8代目,,
0x13dfa8,7,0x8e010,6,8問目,,
0x14968f,6,,,980円,,
0x14086a,7,0x8a044,6,9代目,,
0x141939,7,0x8e018,6,9問目,,
0x148052,7,0x89954,10,>>謎<<,,
0x141b9b,24,0x88124,20,A1 谷河内の採石場,,
0x1459ed,15,0x8813c,14,A2 定期監査,,
0x13f1fd,15,0x8814c,14,A3 一二三四,,
0x1487a1,21,0x8815c,18,A4 サイコロの１,,
0x13eacd,9,0x88170,10,A5 失意,,
0x146639,15,0x8817c,14,A6 デジャヴ,,
0x13d120,27,0x8818c,22,B1 Ｃ１０３投与実験,,
0x1459fd,15,0x881b4,14,B3 兄の苦悩,,
0x13ead7,15,0x881c4,14,B4 北条兄妹,,
0x13d13c,27,0x881d4,22,B5 二番目の「検体」,,
0x143e15,27,0x881ec,22,B6 白川公園転落事故,,
0x141543,15,0x88204,14,C1 研究快調,,
0x14231f,24,0x88214,20,C2 女王の母の不信,,
0x14997b,27,0x8822c,22,C3 女王への協力依頼,,
0x149997,18,0x88244,16,C4 神主の憂鬱,,
0x145a0d,27,0x88258,22,C5 三番目の「検体」,,
0x13eae7,27,0x88270,22,C6 古手夫妻怪死事件,,
0x143726,21,,,"CG,BGM,MOVIE全取得","CG,BGM,MOVIE全解锁",
0x1499aa,27,0x88288,22,D1 ダム計画撤回作戦,,
0x13eb03,18,0x882a0,16,D2 地元説明会,,
0x1452c4,18,0x882b4,16,D3 おやっさん,,
0x147a14,27,0x882c8,22,D4 バラバラ殺人事件,,
0x143e31,24,0x882e0,20,D5 最初の「検体」,,
0x144a22,18,0x882f8,16,D6 戦勝会にて,,
0x14553a,9,0x8d1b4,10,DNA鑑定,,
0x145a29,15,0x8830c,14,E1 休部届け,,
0x14726f,21,0x8831c,18,E2 四年目の足音,,
0x146649,15,0x88330,14,E3 部活結成,,
0x140148,27,0x88340,22,E4 四番目の「検体」,,
0x1437ed,27,0x88358,22,E5 北条叔母撲殺事件,,
0x1487c7,24,0x88370,20,E6 広報室勤務初日,,
0x143e4a,24,0x88388,20,F1 入江の生い立ち,,
0x145fdb,15,0x883a0,14,F2 入江京介,,
0x1487e0,18,0x883b0,16,F3 富竹ジロウ,,
0x1493da,15,0x883c4,14,F4 北条悟史,,
0x145feb,12,0x883d4,12,F5 山沖薫,,
0x13eb16,18,0x883e4,16,F6 南井まどか,,
0x13e28c,18,0x883f8,16,G1 分譲地下見,,
0x13d158,15,0x8840c,14,G2 新しい風,,
0x1407ab,24,0x8841c,20,G3 昭和５８年６月,,
0x147ff1,21,0x88434,18,G4 終末への誘い,,
0x147285,24,0x88448,20,G5 新学期、そして,,
0x142af4,24,0x88460,20,G6 動き始めた陰謀,,
0x13d373,19,,,Gファンタジー,,
0x14729e,15,0x88478,14,H1 前原圭一,,
0x141bb4,15,0x88488,14,H2 竜宮レナ,,
0x1452d7,15,0x88498,14,H3 園崎魅音,,
0x13d168,18,0x884a8,16,H4 北条沙都子,,
0x142338,15,0x884bc,14,H5 古手梨花,,
0x146cb6,15,0x884cc,14,H6 公由夏美,,
0x13f20d,27,0x884dc,22,J1 暇潰し編のカケラ,,
0x142b0d,27,0x884f4,22,J2 鬼隠し編のカケラ,,
0x1452e7,27,0x8850c,22,J3 綿流し編のカケラ,,
0x1472ae,27,0x88524,22,J4 祟殺し編のカケラ,,
0x13f229,27,0x8853c,22,J5 染伝し編のカケラ,,
0x141bc4,27,0x88554,22,J6 昼壊し編のカケラ,,
0x146659,27,0x8856c,22,K1 罪滅し編のカケラ,,
0x144a35,27,0x88584,22,K2 目明し編のカケラ,,
0x140e96,27,0x8859c,22,K3 皆殺し編のカケラ,,
0x13d6cb,27,0x885b4,22,K4 影紡し編のカケラ,,
0x13eb29,27,0x885cc,22,K5 宵越し編のカケラ,,
0x141be0,27,0x885e4,22,K6 解々し編のカケラ,,
0x13e29f,27,0x885fc,22,L1 祭囃し編のカケラ,,
0x145ff8,15,0x88614,14,L2 カケラ屑,,
0x1407c4,27,0x88624,22,L3 澪尽し編のカケラ,,
0x144a51,21,0x8863c,18,L4 逆回りの歯車,,
0x1493ea,27,0x88650,22,L5 お子様ランチの旗,,
0x143e63,27,0x88668,22,L6 禁宝「鬼狩柳桜」,,
0x1499c6,24,0x88680,20,M1 赤いカプセル薬,,
0x145303,16,0x88698,16,M2 事件報告1,,
0x145a39,16,0x886ac,16,M3 事件報告2,,
0x148007,18,0x886c0,16,M4 失敗の報復,,
0x140eb2,15,0x886d4,14,M5 コピー薬,,
0x140164,21,0x886e4,18,M6 臨床試験開始,,
0x1422d6,13,,,TIPSを見る,查看TIPS,
,,0x86dc8,46,"TIPSメニューに戻ります。
よろしいですか？",将返回TIPS菜单。是否继续？,
0x145f79,60,,,TIPSメニューに戻ります。@rよろしいですか？,将返回TIPS菜单。是否继续？,
0x147fd2,13,,,TIPS全取得,TIPS全解锁,
0x140e6b,21,,,TIPS全取得(origin),TIPS全解锁(origin),
0x144a67,30,0x886f8,24,V1 酔いどれ上司の正体,,
0x1499df,27,0x88714,22,V2 灰とともに去りぬ,,
0x143e7f,24,0x8872c,20,V3 レシートと切符,,
0x146675,27,0x88744,22,V4 ぬるい缶コーヒー,,
0x146cc6,21,0x8875c,18,V5 本名はともえ,,
0x142b29,21,0x88770,18,V6 サイコロの６,,
0x1407e0,33,0x88784,26,W1 しらかば山荘篭城事件,,
0x1472ca,30,0x887a0,24,W2 ローウェル疑獄事件,,
0x146cdc,27,0x887bc,22,W3 公安刑事夫妻の死,,
0x13dba1,27,0x887d4,22,W4 厚生省官僚の逮捕,,
0x141553,15,0x887ec,14,W5 退部届け,,
0x142348,21,0x887fc,18,W6 捜査打ち切り,,
0x14801a,16,0x88810,16,X1 事件報告3,,
0x13e2bb,16,0x88824,16,X2 事件報告4,,
0x14017a,16,0x88838,16,X3 事件報告5,,
0x1499fb,39,0x8884c,30,X4 フレデリカから、あなたへ,,
0x1472e9,15,0x8886c,14,Y1 ヒントⅠ,,
0x146008,15,0x8887c,14,Y2 ヒントⅡ,,
0x146691,15,0x8888c,14,Y3 ヒントⅢ,,
0x142b3f,15,0x8889c,14,Y4 ヒントⅣ,,
0x13eb45,15,0x888ac,14,Y5 ヒントＶ,,
0x1430df,15,0x888bc,14,Y6 ヒントⅥ,,
0x147a30,15,0x888cc,14,Z1 ヒントⅦ,,
0x142b4f,15,0x888dc,14,Z2 ヒントⅧ,,
0x143e98,15,0x888ec,14,Z3 ヒントⅨ,,
0x13d17b,15,0x888fc,14,Z4 ヒントⅩ,,
0x149a23,18,0x8890c,16,Z5 ヒントⅩⅠ,,
0x141bfc,18,0x88920,16,Z6 ヒントⅩⅡ,,
,,0x8f75c,140,"「PSN」にアップロードされたセーブデータをダウンロードします。
ダウンロードに成功すると、現在の進行状況は失われますが、
よろしいですか？",将下载上传到「PSN」的保存数据。下载成功后，当前进度将丢失，是否继续？,
,,0x8f718,66,"「PSN」に現在の進行状況をアップロードします。
よろしいですか？",将当前进度上传到「PSN」。是否继续？,
,,0x88960,32,「カケラの世界・エピローグ」終了,,
,,0x88948,20,「澪尽し・表編」終了,,
0x143ea8,30,,,「澪尽し編・表」終了,,
0x1466a1,24,0x88934,16,「祭囃し編」終了,,
0x147a40,24,,,「罰恋し編」終了,,
,,0x871ac,52,"』へのショートカットを実行します。
よろしいですか？","』
将跳转至此节点。是否继续？",
0x142a94,77,,,』へのショートカットを実行します。@rよろしいですか？,』@r将跳转至此节点。是否继续？,
0x148128,9,0x8b2d4,6,あおい,,
0x1482b6,21,,,あったか寄せ鍋,,
0x13dedc,9,,,あにぃ,,
0x141257,15,,,あにしゃん,,
0x145d2f,12,,,あの日ね,,
0x13fd19,12,,,あの日へ,,
0x142612,24,,,あら、詩音ちゃん,,
0x145983,9,0x87d56,6,いいえ,,
0x141620,18,0x8a4e8,12,いとうかなこ,,
0x141821,12,,,いりすい,,
0x14043b,12,,,いりみず,,
0x145626,18,,,うどんの出汁,,
0x141795,12,,,うりゅー,,
0x142727,18,,,おかわりした,,
0x1488a7,15,0x8a55c,10,おきのみや,,
0x13d2aa,12,0x8c6c4,8,おこのぎ,,
0x1454cb,12,0x8c098,8,おっさん,,
0x144d7d,24,,,おでんありがとう,,
0x13fc98,24,,,おととい来やがれ,,
0x145560,9,,,おはぎ,,
0x13fa56,15,0x8b30c,10,おもちゃ屋,,
0x13f941,15,,,おやっさん,,
0x144063,6,0x8d8b8,4,お京,,
0x1483a6,9,,,お便所,,
0x143aad,12,,,お兄さん,,
0x145d3c,21,,,お姉と分けっこ,,
0x14535d,24,,,お子様ランチの旗,,
0x146a1c,21,,,お寿司食べ放題,,
0x13d507,9,,,お弁当,,
0x144e91,9,,,お月様,,
0x1410fb,6,0x8d8b0,4,お梅,,
0x144d64,24,,,お漬物ありがとう,,
0x148ec7,6,0x89f94,4,お米,,
0x1474ee,6,0x8d8a8,4,お菊,,
0x143993,6,0x8d8a0,4,お魎,,
0x13e3e8,15,0x8a794,10,かかみいな,,
0x13d3c3,9,,,かき氷,,
0x14546e,9,0x8a5a0,6,かこつ,,
0x14560e,12,,,かしゃく,,
0x1433b7,9,,,かせき,,
0x1411d1,12,,,かっせき,,
0x13dc4d,15,0x8a770,10,かないみか,,
0x145a8c,12,0x89fb0,8,かぼちゃ,,
0x13fd5c,15,,,かまいたち,,
0x1473cd,15,0x8a788,10,かみいなか,,
0x143f74,15,0x8a77c,10,かみなかい,,
0x13ed7a,9,,,がおー,,
0x144ccb,21,,,が鳴き止まない,,
0x141d11,21,,,きみざわさつき,,
0x147482,12,0x8c7a4,8,きょうこ,,
0x146767,15,0x8a574,10,きょうみや,,
0x141814,12,,,くすぐり,,
0x144121,6,,,くず,,
0x13ed6d,12,,,けむしろ,,
0x14409d,12,,,けんこう,,
0x1488b7,12,0x8a580,8,こうぐう,,
0x141e74,12,,,こうふん,,
0x145ad9,12,0x8a568,8,こうみや,,
0x148a84,12,,,こうよう,,
0x14746d,12,0x8c694,8,こくそう,,
0x13f419,9,0x8c6a0,6,こくら,,
0x13cc1c,9,0x8c6e4,6,ここぎ,,
0x144c5d,12,0x8c6d8,8,ここのぎ,,
,,0x86c84,52,"ここまでの進行状況をセーブします。
よろしいですか？",将保存到目前为止的进度。是否继续？,
0x13e731,260,,,このセーブデータを使用するためには、アプリケーションをアップデートする必要があります。@rこのままゲームをはじめることもできますが、その場合は現在のセーブデータは削除されます。,要使用此保存数据，需要更新应用程序。@r也可以直接开始游戏，但当前保存数据将被删除。,
0x1476f5,69,0x8e49c,46,このセーブデータを削除します。よろしいですか？,要删除此保存数据吗？,
0x14327f,9,0x8c6d0,6,こひぎ,,
0x147d49,15,,,こんにちは,,
0x14832a,15,,,こんばんは,,
0x144c53,9,0x8c6a8,6,ごくら,,
0x146870,9,0x8c68c,6,ごぐら,,
0x13e645,18,,,ごめんなさい,,
0x13d91a,15,,,さくたろう,,
0x146886,9,0x8c7b0,6,さやか,,
0x13dc86,9,0x8b49c,6,さンゴ,,
0x141657,12,0x8af68,8,しいたけ,,
0x13ebcf,12,0x8a5a8,8,しかほね,,
0x143a11,9,,,しかん,,
0x1432fe,18,,,しげっるチー,,
0x144b5f,12,0x8a594,8,ししぼね,,
0x1475c1,9,,,しっぺ,,
0x149b26,6,0x8c0fc,4,しま,,
0x13defc,9,,,しもべ,,
0x142ca0,12,0x8c1e8,8,しゃもじ,,
0x143343,9,,,しゆる,,
0x1440b4,15,,,じゅうそく,,
0x140448,15,,,じゅうたん,,
0x143a61,15,,,じゅうだん,,
0x143a1b,15,,,じゅうりん,,
0x140aa4,12,,,じゅすい,,
0x141ecf,9,,,すずり,,
0x1417f6,21,,,すったて鍋合戦,,
0x142d7a,15,,,すったらん,,
0x148399,12,,,せっちん,,
0x144117,9,,,せんい,,
0x13fbf2,12,,,そくそく,,
0x146ef5,24,0x8d514,16,その場を動かない,,
0x13cddb,15,,,そぼろ弁当,,
0x13fa73,18,0x8b3d8,12,そらのむこう,,
0x14963f,12,,,たこ焼き,,
0x13faa8,15,0x8b644,10,たにかわち,,
0x1438ee,15,0x8b638,10,たにこうち,,
0x147406,15,0x8b62c,10,たにごうち,,
0x143248,6,0x8c0ec,4,たま,,
0x1440aa,9,,,たるむ,,
0x146f5e,12,,,たんぽぽ,,
0x149ad5,9,0x8b4ac,6,たワバ,,
0x14566e,15,,,ちゃんこ鍋,,
0x14950a,6,0x8c0f4,4,つま,,
0x144c1b,6,0x8c104,4,てま,,
0x1433a4,18,,,てるてる坊主,,
0x14695b,15,,,とうしゅう,,
0x13ce68,27,,,とっても可愛い！！,,
0x145c60,9,,,ともぞ,,
0x13fc88,15,,,どなりぜめ,,
0x13cdd1,9,,,にいや,,
0x13e586,15,,,にゅうすい,,
0x144dd4,18,,,にょろにょろ,,
0x1469ef,12,,,にーにー,,
0x14697c,15,,,ぬいぐるみ,,
0x13ecb1,18,0x8d564,12,ぬらりひょん,,
0x144130,21,,,ねこ耳の重要性,,
0x14960b,18,,,ねこ耳スク水,,
0x149c5a,15,,,のきあがり,,
0x145295,6,0x87d50,4,はい,,
0x1417a2,12,,,はにゅん,,
0x13ccae,12,,,ひぐしげ,,
0x13e712,30,,,ひぐらしのなく頃に奉,,
0x147c78,9,,,ひぐ夫,,
0x141865,18,,,ひげそり投法,,
0x13cd96,18,,,ひじゃくかん,,
0x148356,18,,,ひれつおとこ,,
0x140458,15,,,ひれつかん,,
0x13fa96,9,0x8b494,6,ひデブ,,
0x1409c3,24,,,びっくりモンキー,,
0x144bf9,21,0x8c044,14,ぶどうジュース,,
0x1481b9,9,0x8c79c,6,ほむら,,
0x146f95,12,,,まきびし,,
0x13fb2c,9,0x8c794,6,まどか,,
0x13e3d1,9,0x8a64c,6,みちる,,
0x148f22,9,0x8b06c,6,みゆき,,
0x13fbae,9,,,むぅ…,,
0x144b6c,9,0x8a63c,6,むろみ,,
0x1467fe,12,0x8b620,8,やごうち,,
0x1494e7,12,0x8bf18,8,やり投げ,,
0x13fc43,9,,,ゆかり,,
0x149485,18,,,ゆきのかなめ,,
0x143193,18,,,ゆきのさつき,,
0x14024d,18,,,ゆきのむつき,,
0x1461fb,12,,,ゆるゆる,,
0x13d3ee,15,,,ゆるキャン,,
0x145aee,9,0x8a62c,6,ようこ,,
0x148159,21,0x8c054,14,りんごジュース,,
0x1482a3,6,,,れな,,
0x145478,12,0x8a5b4,8,ろっこつ,,
0x1439de,12,,,わにゃん,,
0x140b72,21,,,わんこそば対決,,
0x13d89c,9,0x8d4b8,6,アイス,,
0x14183c,21,,,アイスコーヒー,,
0x13dee6,21,,,アイドル握手会,,
0x1474d8,21,0x8d888,14,アウアウローラ,,
0x141137,21,,,アウトブレイク,,
0x13ecd3,24,,,アウトブレイク！,,
0x146e3f,24,0x8c484,16,アクロバティック,,
0x1434a6,18,,,アスパラガス,,
0x142d19,21,,,アドベンチャー,,
0x13dcd3,18,0x8c398,12,アナウンサー,,
0x13dec6,21,,,アバンチュール,,
0x14809c,21,0x89f28,14,アフィリアーズ,,
0x1489e7,9,0x8d4c8,6,アフロ,,
0x149740,24,,,アプリケーション,,
0x147ca9,9,,,アラン,,
0x1426c5,21,,,アルセーヌ前原,,
0x149d9f,21,,,アンテナを張れ,,
0x141def,21,0x8d0d8,14,イェアソムール,,
0x13df53,12,,,イカサマ,,
0x1483e3,15,,,イカリング,,
0x13f516,12,,,イケメン,,
0x1440c4,6,,,イネ,,
0x144086,9,,,イリー,,
0x149cb9,9,,,イルカ,,
0x13ceac,9,,,イロハ,,
0x1411a1,18,,,インドに帰れ,,
0x1495cb,12,,,ウェイン,,
0x145cf5,21,,,ウスターソース,,
0x140952,9,0x8d2e4,6,ウナギ,,
0x143a2b,6,,,ウネ,,
0x13ce2c,21,,,エジプト旅行中,,
0x1447b8,15,,,エビフライ,,
0x13d9fc,60,,,エラーはありません。ゲームを開始します。,,
0x1403c0,24,,,エンジェルモート,,
0x13d826,21,0x8c464,14,オカルティック,,
0x149b2d,12,0x8c144,8,オカルト,,
0x1490f1,15,,,オットセイ,,
0x149d7c,15,,,オニカクシ,,
0x140488,9,,,オフ会,,
0x1432d1,15,0x8d764,10,オムライス,,
0x142e24,18,,,オヤシロさま,,
0x144e76,18,,,オヤシロサマ,,
0x13d4ee,24,,,オヤシロステッキ,,
0x1468f2,18,,,オヤシロリカ,,
0x149060,12,,,オリバー,,
0x144dbe,21,,,オートキャンプ,,
0x149b46,18,0x8c474,12,カオティック,,
0x147312,12,,,カケラ屑,,
0x1408d5,15,0x8b580,10,カケラ弾き,,
0x14813c,15,0x8b568,10,カケラ紡ぎ,,
,,0x86df8,50,"カケラ紡ぎのメニューに戻ります。
よろしいですか？",将返回碎片纺织菜单。是否继续？,
0x14378a,74,,,カケラ紡ぎのメニューに戻ります。@rよろしいですか？,将返回碎片纺织菜单。是否继续？,
,,0x89554,64,"カケラ紡ぎを終了して、タイトル画面に戻ります。
よろしいですか？",将结束碎片纺织，返回标题画面。是否继续？,
0x14537b,95,,,カケラ紡ぎを終了して、タイトル画面に戻ります。@rよろしいですか？,将结束碎片纺织，返回标题画面。是否继续？,
0x13d7ed,15,0x8b574,10,カケラ結び,,
0x146ddb,15,0x8b55c,10,カケラ遊び,,
0x143b4c,18,,,カップケーキ,,
0x13ed84,12,,,カップ麺,,
0x13ed5d,15,,,カツカレー,,
0x13fc55,15,,,カメラマン,,
0x14385c,18,0x89fcc,12,カリフラワー,,
0x14737a,9,0x89dcc,6,カレー,,
0x13d92a,24,,,カレーありがとう,,
0x14474b,21,,,カレー独身貴族,,
0x146041,18,0x89968,12,カーソル位置,,
0x13f95d,43,0x8998c,30,カーソル位置/ゲーム内現在位置,,
0x14621f,24,,,カーテンのシャー,,
0x147692,12,,,カーナビ,,
0x144c6a,15,0x8cf78,10,カーレース,,
0x146f88,12,,,ガソリン,,
0x141274,24,,,ガソリンスタンド,,
0x146915,15,,,ガブリエル,,
0x1440d7,17,,,ガンガンJOKER,,
0x143961,15,0x8d558,10,キジムナー,,
0x145b5a,24,0x8bf78,16,キッチンタイマー,,
0x13ec35,9,0x8c014,6,キムチ,,
0x13ccee,12,,,キャット,,
0x145bf0,12,0x8d45c,8,キャップ,,
0x146da2,15,0x8b320,10,キャバクラ,,
0x140307,21,0x8c560,14,キャラが増えた,,
0x13d7d9,12,0x8af90,8,キャリア,,
0x1400b8,15,,,キャンセル,,
0x141330,12,,,キャンプ,,
0x13cce4,9,,,キース,,
0x14347a,12,,,クシャミ,,
0x146a9c,12,,,クッキー,,
0x1403f4,6,,,クネ,,
0x145ce6,6,,,クマ,,
0x1461a7,12,,,クラウド,,
0x144649,12,0x8c538,8,クーデレ,,
0x13d38f,9,,,クール,,
0x1426eb,9,,,グレー,,
0x14332e,12,,,ケイレブ,,
0x147050,15,,,ケンカ投法,,
0x146f6b,18,,,ケンタ君人形,,
0x14266e,12,,,ゲロゲロ,,
0x144bb4,18,0x8b0dc,12,ゲートボール,,
,,0x86d88,60,"ゲームを終了して、タイトル画面に戻ります。
よろしいですか？",将结束游戏，返回标题画面。是否继续？,
0x147972,89,,,ゲームを終了して、タイトル画面に戻ります。@rよろしいですか？,将结束游戏，返回标题画面。是否继续？,
0x1453db,24,0x89978,16,ゲーム内現在位置,,
0x147d1c,12,,,ゲーム機,,
0x13e49c,9,0x8d44c,6,コイン,,
0x1489f1,18,0x8d548,12,コロポックル,,
0x13fc09,18,,,コンプエース,,
0x144162,18,,,ゴルフクラブ,,
0x143ec7,18,,,サイコロの１,,
0x13dda6,9,,,サイフ,,
0x1495d8,12,,,サイラス,,
0x1402d1,15,0x8c1c4,10,サインペン,,
0x1416c1,18,0x8b820,12,サシャ・葛城,,
0x145661,12,,,サッカー,,
0x1445e9,12,0x8b010,8,サトさん,,
0x143186,12,0x8a6ac,8,サナリィ,,
0x148ae8,18,,,サンドイッチ,,
0x13cc33,18,0x8c96c,12,シエル・南野,,
0x144d46,21,,,シスターマリア,,
0x140361,12,0x8d770,8,シチュー,,
0x13d399,9,,,シット,,
0x141d27,24,0x8a87c,16,シフォン・うさだ,,
0x13dea6,15,,,シャアアア,,
0x149d63,24,,,シャーロック前原,,
0x13fbd9,12,,,ショック,,
0x1461d1,24,,,シルバーパロット,,
0x14466e,15,0x8d0e8,10,シーツェン,,
0x13e56d,24,,,シーフードカレー,,
,,0x8983c,46,"シーンジャンプを実行します。
よろしいですか？",将执行场景跳转。是否继续？,
0x13e319,68,,,シーンジャンプを実行します。@rよろしいですか？,将执行场景跳转。是否继续？,
0x14749c,9,0x8d100,6,ジェダ,,
0x14338a,18,,,ジャガバター,,
0x13cd80,21,,,ジャンクフード,,
0x147552,12,,,ジャンヌ,,
0x142571,15,,,ジャーキー,,
0x148fb1,15,0x8d290,10,ジュネーブ,,
0x142dab,21,,,ジョリフィーユ,,
0x13de64,12,,,スイーツ,,
0x13edf9,24,,,スイーツ食い放題,,
0x1441b0,24,,,スイーツ食べ放題,,
0x13dbcf,25,,,スクリプト テスト,,
0x13e6cf,18,,,スクール水着,,
0x13f3b6,12,0x8b034,8,スズさん,,
0x142bf3,15,0x8a3f8,10,スタンガン,,
0x148ab2,21,,,スニーカー文庫,,
0x148946,12,0x8c150,8,スポーツ,,
0x13f563,18,,,スポーツカー,,
0x142d9e,12,,,スリール,,
0x1455fb,18,,,スローフード,,
0x13e5f1,12,,,スーパー,,
0x1440f5,21,,,セブンスマート,,
,,0x8e4cc,60,"セーブを行います。
内容は上書きされますが、よろしいですか？",将执行保存。内容会被覆盖，是否继续？,
0x147de6,89,,,セーブを行います。@r内容は上書きされますが、よろしいですか？,将执行保存。内容会被覆盖，是否继续？,
0x146377,51,0x8e50c,34,セーブを行います。よろしいですか？,要保存数据吗？,
0x1456da,119,,,セーブデータが壊れているため、ロードできません。@rはじめからゲームを開始します。,保存数据已损坏，无法读取。将从头开始游戏。,
0x14204f,134,,,セーブデータを更新中です。@r電源を切ったり、アプリケーションを終了したりしないでください。,正在更新保存数据。请勿切断电源或退出应用程序。,
0x13fc75,18,,,ソウルフード,,
0x1488e5,12,0x8b01c,8,ソトさん,,
0x149e38,9,,,ソフト,,
0x1445cf,12,0x8aec4,8,ソレント,,
0x146097,18,0x8a074,12,ゾウの子ども,,
0x14673a,12,0x8a3b0,8,ゾンビ鬼,,
0x141cc9,15,0x89f1c,10,タイガース,,
,,0x8e8c0,40,タイトル画面に戻ります。よろしいですか？,要返回标题画面吗？,
0x14954f,12,0x8d150,8,タックル,,
0x13ddb7,15,,,タッチペン,,
0x14567e,12,,,タッパー,,
0x147634,15,,,タマゴタケ,,
0x142df7,12,,,タマネギ,,
0x143b0f,12,,,タラの芽,,
,,0x8f62c,46,ダウンロードしたセーブデータをセーブしますか？,要保存下载的保存数据吗？,
0x147a59,24,,,ダム計画撤回作戦,,
0x149c36,15,,,チャールズ,,
0x1433d9,15,,,チースー飯,,
0x142598,9,,,ツェル,,
0x13e45e,12,0x8c52c,8,ツンデレ,,
0x147da2,12,,,ツートン,,
0x13e61d,24,,,ツーベースヒット,,
0x13d33a,12,,,ティーダ,,
0x144534,9,,,テスト,,
0x13f129,24,,,テストモード起動,,
0x13d8d4,15,,,テスト答案,,
0x13cd38,18,,,テレビゲーム,,
0x13e4f6,21,,,テレホンカード,,
0x143a71,18,,,デイキャンプ,,
0x140ad6,18,,,デカ盛り食堂,,
0x147002,12,,,デコピン,,
0x141da1,15,0x8c37c,10,デザイナー,,
0x145cb7,24,,,デザートフェスタ,,
0x146cf8,12,,,デジャヴ,,
0x1402e1,6,0x8c220,4,デス,,
0x143516,27,0x8e578,18,データがありません,,
0x148132,9,0x8b4a4,6,トさカ,,
0x1475ff,9,,,トイレ,,
0x1489c4,12,0x8d2f8,8,トビウオ,,
0x141fd2,9,,,トマト,,
0x147c9f,9,,,トミー,,
0x13f342,12,0x8a384,8,トランプ,,
0x1470a4,12,,,トリュフ,,
0x141e37,18,0x8da08,12,ドモン・骨川,,
0x144090,12,,,ドラゴン,,
0x1446c0,9,0x8d4c0,6,ナイフ,,
0x143876,6,0x8a6a4,4,ナサ,,
0x13d521,15,,,ナポリタン,,
0x14767f,18,,,ニパニパワー,,
0x1473ad,12,0x8a264,8,ニワトリ,,
0x14111d,9,,,ニーナ,,
0x14627c,15,,,ヌギヌギ！,,
0x146905,15,,,ノクティス,,
0x147c82,12,,,ハッタリ,,
0x149b19,12,0x8c024,8,ハバネロ,,
0x1461bb,21,,,ハンナミラーズ,,
0x140501,18,,,ハンバーガー,,
0x1447a8,15,,,ハンバーグ,,
0x147027,9,,,バイク,,
0x1475b7,9,,,バケツ,,
0x13faf7,12,0x8c3bc,8,バケモノ,,
0x146298,24,,,バスケットボール,,
0x13fd44,15,,,バスタオル,,
0x147d05,9,,,バット,,
0x141db9,18,0x8c57c,12,バッドエンド,,
0x140fb4,9,0x8b098,6,バナナ,,
0x14739a,18,0x89f84,12,バニラアイス,,
0x14018b,24,,,バラバラ殺人事件,,
0x141267,12,,,バランス,,
0x149d14,24,,,バーベキュー大会,,
0x13f5d7,12,,,パジャマ,,
0x143179,12,0x8a370,8,パチンコ,,
0x13e532,18,,,パン屋の小娘,,
0x145651,15,,,パーティー,,
0x13f989,18,,,ヒロイン選択,,
0x144d08,15,,,ビギニング,,
0x142d47,21,,,ビッグガンガン,,
0x13cd53,18,,,ビーフカレー,,
0x142bda,24,0x8a098,16,ピエロみたいな男,,
0x146ecf,12,0x8d2ec,8,ピラニア,,
0x13cdfa,21,,,ピンチヒッター,,
0x1446fd,15,,,ファイター,,
0x13d215,18,0x89f00,12,ファイターズ,,
0x1494d7,15,0x8b300,10,ファミレス,,
0x13d3d5,24,,,ファーストフード,,
0x141f4b,21,,,フォークの神様,,
0x141227,15,,,フキフキ！,,
0x146218,6,,,フネ,,
0x13cbde,9,0x8b5b0,6,フラグ,,
0x140fc5,12,0x8b240,8,フラワズ,,
0x1455c6,15,,,フリーター,,
0x140403,15,,,フレデリカ,,
0x142c40,12,0x8b234,8,フワラズ,,
0x140b5c,21,,,フワラズの勾玉,,
0x143223,24,0x8bf9c,16,フーコーの振り子,,
0x144685,24,0x8d2b0,16,ブエノスアイレス,,
0x145641,15,,,ブギウギ！,,
0x149c46,12,,,ブラザー,,
0x14109c,15,0x8d2c4,10,ブラジリア,,
0x141237,15,,,ブリキー！,,
0x147bb7,9,0x8c208,6,ブルー,,
0x149027,24,,,ブレイクアウト！,,
0x14957f,24,,,ブレイクスルー！,,
0x13dc09,18,0x89fbc,12,ブロッコリー,,
0x13de90,21,,,ブートキャンプ,,
0x140979,21,0x8d974,14,プリニー・稲穂,,
0x1494ca,12,0x8b24c,8,プリホル,,
0x13cc59,18,0x8d1c0,12,プロファイル,,
0x1476a7,15,,,プロポーズ,,
0x140f84,12,0x8a3a4,8,ベーゴマ,,
0x14970d,18,,,ペットボトル,,
0x1468b5,12,0x8d304,8,ペンギン,,
0x149dea,18,,,ペンデュラム,,
0x13fc29,9,,,ホット,,
0x1441a0,15,,,ホームラン,,
0x149670,18,,,ホールケーキ,,
0x1425f5,18,,,ボードゲーム,,
0x13cccc,15,,,ボールペン,,
0x144182,21,,,ポケバイレース,,
0x149dfd,18,,,ポニーテール,,
0x13f550,18,,,ポークカレー,,
0x149152,15,,,マスコット,,
0x1426b2,18,,,マネージャー,,
0x142431,6,0x8a65c,4,マミ,,
0x142c75,12,0x8bf0c,8,マラソン,,
0x13dc02,6,0x89e90,4,ミタ,,
0x149aad,12,0x8b028,8,ミチさん,,
0x141076,21,0x8c850,14,ミルフィ・桜木,,
0x1489dd,9,0x8d4b0,6,ミント,,
0x13d34b,18,,,ミートソース,,
0x147d63,12,,,メイシェ,,
0x144872,21,,,メイドマガジン,,
0x148aa5,12,,,メイド服,,
0x141f1b,24,,,メイド服の重要性,,
0x13eec7,21,,,メイド＆タイツ,,
0x141e8d,12,,,メガホン,,
0x147c5a,18,0x8d9a4,12,メリル・田無,,
0x14684c,9,0x8c390,6,モデル,,
0x140880,15,0x8a364,10,モデルガン,,
0x143ac6,18,,,モーリタニア,,
0x141174,18,,,ヤングエース,,
0x143354,21,,,ヤングガンガン,,
0x143265,12,0x8c520,8,ヤンデレ,,
0x1411c4,12,,,ライオン,,
0x142bca,15,0x89f10,10,ライオンズ,,
0x1409fd,21,,,ラストシーズン,,
0x140492,9,,,ラップ,,
0x14823d,18,0x8d864,12,ラムダデルタ,,
0x144b76,24,0x8a83c,16,ラル・ジャクソン,,
0x141ee5,9,,,ランチ,,
0x142e04,21,,,ランディ君人形,,
0x13d90a,15,,,ランドセル,,
0x146eb6,24,0x8d29c,16,リオデジャネイロ,,
0x14391b,24,0x8c8c8,16,リカルド・早乙女,,
0x141d0a,6,0x8a69c,4,リサ,,
0x13d950,6,,,リタ,,
0x147536,15,,,リチャード,,
0x13cc00,9,0x8c210,6,リトル,,
0x145485,6,0x8a694,4,リナ,,
0x14844a,18,,,リベンジ宣言,,
0x148f76,12,0x8c1dc,8,リモコン,,
0x146ea9,12,0x8d0f4,8,リューン,,
0x143289,18,0x8c88c,12,リリカ・高槻,,
0x141670,9,0x8b088,6,リンゴ,,
0x14819a,18,0x8c454,12,ルナティック,,
0x142e43,18,,,レインコート,,
0x149a6e,15,0x8a2d4,10,レストラン,,
0x149134,21,,,レッセフェール,,
0x144634,9,0x8c218,6,レッド,,
0x13cb35,6,0x8a0f8,4,レナ,,
0x141247,15,,,レナと魅音,,
0x13df80,15,,,レナの勝利,,
0x142470,9,0x8af60,6,レモン,,
0x14279d,12,,,レンコン,,
0x148250,24,0x8d934,16,レールガン・御坂,,
0x14315a,15,0x89fdc,10,ロマネスコ,,
0x141f61,9,,,ロース,,
0x144de7,15,,,ロースカツ,,
0x1476c7,45,0x8e530,30,ロードします。よろしいですか？,要读取数据吗？,
0x13ed91,24,,,ローラースケート,,
0x143fd5,9,0x8c01c,6,ワサビ,,
0x148113,12,0x8b258,8,ワラフズ,,
0x13d4ba,12,,,ワンワン,,
0x13ed04,9,,,ヴァン,,
0x13e5da,9,,,一ヶ月,,
0x1410b3,9,0x8d47c,6,一二三,,
0x13e2d9,12,,,一二三四,,
0x142cd9,6,0x8d48c,4,一八,,
0x140a81,12,,,一日市民,,
0x14909a,12,,,一時停止,,
0x141650,6,0x8ae90,4,一美,,
0x142c2c,12,0x8afa4,8,一般採用,,
0x1424f7,6,0x8c73c,4,一重,,
0x147b78,6,0x8b2e4,4,一馬,,
0x13cdeb,6,,,七日,,
0x13ccc5,6,,,三佐,,
0x13f5b0,6,,,三原,,
0x13f245,24,,,三番目の「検体」,,
0x13e5e4,12,,,三者面談,,
0x13cbf9,6,0x8c194,4,三船,,
0x13d20e,6,0x89ed0,4,三郎,,
0x1432af,6,0x8d134,4,三鷹,,
0x13fbc8,6,,,上巻,,
0x13f4e1,12,,,上間江望,,
0x13d35e,6,,,下巻,,
0x1481e0,12,0x8c8fc,8,下田麻実,,
0x149b70,12,0x8c8e4,8,下田麻美,,
0x141dd0,15,0x8c818,10,不二咲照文,,
0x13fb47,12,0x8cfb0,8,不動産屋,,
0x1434fa,27,,,不明なエラーです。,,
0x13d4ce,6,,,両親,,
0x13e3db,12,0x8a718,8,中原真衣,,
0x14677e,12,0x8a704,8,中原麻衣,,
0x13f437,12,0x8c8a4,8,中村悠一,,
0x145baa,12,0x8c5c4,8,中村慎介,,
0x145506,12,0x8c8bc,8,中村裕一,,
0x143f84,9,0x8af00,6,中毒死,,
0x140329,6,0x8d12c,4,中野,,
0x143272,12,0x8c5b8,8,中野麻衣,,
0x1408aa,6,0x8aea0,4,丸美,,
0x148a50,11,,,乃木坂46,,
0x1454f1,6,0x8c714,4,乙吉,,
0x1454d8,6,0x8c268,4,乙部,,
0x146dfb,6,0x8b6dc,4,亀田,,
0x13d452,9,,,事故死,,
0x14403e,9,0x8d494,6,二三也,,
0x146137,15,0x8c874,10,二五真耶子,,
0x1461b4,6,,,二尉,,
0x149d0d,6,,,二晩,,
0x1472f9,24,,,二番目の「検体」,,
0x13dcfa,6,0x8c734,4,二重,,
0x1470b1,9,,,五百円,,
0x13d432,21,,,五目うま煮ご飯,,
0x13dca0,15,0x8b838,10,井ノ上奈々,,
0x1402ad,9,0x8b844,6,井上七,,
0x1480e0,15,0x8a438,10,井上麻里奈,,
0x14899b,12,0x8c908,8,亜美真美,,
0x147dd1,12,,,交通事故,,
0x14022a,3,0x8a270,2,人,,
0x1481c3,15,0x8c880,10,人御摩耶子,,
0x13e6a4,12,,,人食い鬼,,
0x141711,15,0x8c844,10,仁井谷良子,,
0x13d83c,15,0x8c868,10,仁後真耶子,,
,,0x8f6bc,82,"他者のセーブデータを使用中のときは、
クロスセーブ機能を使用することはできません。","当正在使用他人的保存数据时，
无法使用跨平台保存功能。",
0x13fac8,12,0x8b858,8,仙堂奈々,,
0x13fa45,9,0x8a710,6,仲原舞,,
0x1481d3,12,0x8c8b0,8,仲村悠一,,
0x13fa19,6,0x8a310,4,伊織,,
0x147b2c,9,0x8a61c,6,伊豆湖,,
0x142b5f,12,,,休部届け,,
0x1469c6,6,,,住職,,
0x13f497,12,,,佐藤利奈,,
0x13dd38,12,0x8d928,8,佐藤縁寿,,
0x14848c,83,,,体験版のセーブデータが見つかりました。@r引き継ぎますか？,发现试玩版的保存数据。要继承吗？,
0x1473ba,6,0x8a300,4,佳織,,
0x1483c3,6,,,使い,,
0x14461d,6,0x8b6a4,4,保坂,,
0x148103,15,0x8a6cc,10,保志総一朗,,
0x141633,15,0x8a6e4,10,保志総次郎,,
0x149d34,9,,,保護者,,
0x13e492,9,0x8d1a0,6,保険証,,
0x13ddd7,21,,,信念を貫くこと,,
0x14480b,18,,,俺じゃない…,,
0x14917b,12,,,側溝の奥,,
0x1480c6,6,0x8a198,4,傷害,,
0x13ee4c,27,,,僕はきっと知ってる,,
0x1496cb,18,,,僕らの雛見沢,,
0x1462ec,27,,,僕達はもう知ってる,,
0x14885c,6,0x89e6c,4,優子,,
0x1404e9,3,,,兄,,
0x143eda,12,,,兄の苦悩,,
0x13cbce,3,0x8b21c,2,充,,
0x1409dc,9,,,充電器,,
0x14805a,6,0x89960,4,先頭,,
0x13d48c,6,,,光へ,,
0x141067,6,0x8c71c,4,光希,,
0x14399a,9,,,光線銃,,
0x145bd2,6,0x8cfd8,4,児島,,
0x13e636,6,,,入山,,
0x13fcf5,6,,,入岡,,
0x1462b1,6,,,入川,,
0x13f320,6,0x8a00c,4,入江,,
0x1430ef,21,,,入江の生い立ち,,
0x143105,12,0x8d668,8,入江京介,,
0x146fbe,15,,,入江診療所,,
0x1447e0,6,,,入谷,,
0x147611,6,,,入院,,
0x142a20,29,,,全シナリオ解放(origin),全部剧本解锁(origin),
0x14078f,15,,,全書庫解放,全部书库解锁,
0x13e6b1,9,,,八丁堀,,
0x145bb7,6,0x8c72c,4,八重,,
0x148fdb,12,0x8d5a0,8,公安課長,,
0x146189,12,,,公由アキ,,
0x141751,12,,,公由冬司,,
0x148344,9,,,公由家,,
0x1446dc,12,,,公由春子,,
0x1432e1,15,,,公由真由美,,
0x13fba7,6,,,兵吾,,
0x14467e,6,0x8d230,4,内科,,
0x148a3c,6,,,内藤,,
0x144b8f,6,0x8ae88,4,円美,,
0x145d0b,12,,,凄い漢だ,,
0x144ba0,6,0x8afb0,4,出向,,
0x142c82,9,0x8bfe4,6,出木杉,,
0x1409f3,9,,,出題編,,
0x1447e7,15,,,分校の先生,,
0x13fd6c,24,,,分校の資材置き場,,
0x1444e5,15,,,分譲地下見,,
0x149bac,6,0x8d454,4,切手,,
0x146f0e,12,0x8d594,8,刑事課長,,
0x141835,6,,,利香,,
0x1455d6,6,,,制服,,
0x140fbe,6,0x8b1d0,4,刺青,,
,,0x86d48,44,"前のチャプターに戻ります。
よろしいですか？","将返回到上一章节。
是否继续？",
0x143748,65,,,前のチャプターに戻ります。@rよろしいですか？,返回到上一章节。@r是否继续？,
0x14334d,6,,,前原,,
0x13ce42,18,,,前原コゴロウ,,
0x13ce1c,15,,,前原ホテル,,
0x13f509,12,,,前原佳一,,
0x145327,12,,,前原圭一,,
0x1462cb,12,,,前原屋敷,,
0x13fd04,12,,,前原庭園,,
0x1418b2,12,,,前原豪邸,,
0x146238,9,,,前原Ｋ,,
0x13fadd,6,0x8c2dc,4,前田,,
0x14160e,9,0x8a424,6,前田愛,,
0x149c53,6,,,前編,,
0x13cc82,6,0x8d3d4,4,前野,,
0x14946c,3,0x89f5c,2,剛,,
0x140a1f,9,,,副作用,,
0x14817b,6,0x8c1a0,4,加山,,
0x13d2b7,15,0x8c934,10,加賀桃太郎,,
0x13e405,6,0x8b204,4,勝也,,
0x142e5e,12,,,勝利宣言,,
0x13eec0,6,,,包丁,,
0x1441f2,9,,,包装紙,,
0x13cd20,15,,,北城沙都子,,
0x141c25,12,,,北条兄妹,,
0x13f25e,24,,,北条叔母撲殺事件,,
0x1467e7,12,0x8b4d4,8,北条夫妻,,
0x1401a4,12,,,北条悟史,,
0x145334,15,,,北条沙都子,,
0x146dce,12,0x8b4ec,8,北条玉枝,,
0x141ea6,12,,,北条聡子,,
0x140a61,15,,,北條紗都子,,
0x13e449,3,0x8c124,2,匠,,
0x13fb11,6,0x8c3fc,4,医師,,
0x14251c,6,0x8d484,4,十三,,
0x148f4f,15,0x8b390,10,十和田八重,,
0x13cbef,9,0x8bfec,6,千年杉,,
0x144c31,6,0x8c278,4,千秋,,
0x13fcc8,6,,,半日,,
0x145b8d,3,0x8c12c,2,卓,,
0x140289,15,0x8b39c,10,南井まどか,,
0x143a04,12,,,厄醒し編,,
0x141f3f,3,,,厠,,
0x144b96,9,0x8af2c,6,又一郎,,
0x140ab9,9,,,及第点,,
0x14402d,6,0x8d3c4,4,反町,,
0x142523,12,0x8d6a0,8,反町美雪,,
0x13d4c7,6,,,叔母,,
0x1404e2,6,,,叔父,,
0x1403a1,6,,,口先,,
0x13de0a,12,,,古出梨花,,
0x147d0f,12,,,古出羽生,,
0x13de17,24,,,古手ハイリューン,,
0x141eb3,12,,,古手利花,,
0x141699,12,0x8b4e0,8,古手夫妻,,
0x13d1a4,24,,,古手夫妻怪死事件,,
0x142b6c,12,,,古手梨花,,
0x14473e,12,,,古手神社,,
0x1490b3,12,,,古手羽入,,
0x141194,12,,,古手羽生,,
0x1403d9,3,,,叫,,
0x144e27,18,,,可憐なメイド,,
0x143172,6,0x8a298,4,台所,,
0x13d369,9,,,右代宮,,
0x13fab8,15,0x8b788,10,右代宮大輔,,
0x13e399,6,0x89de8,4,右腕,,
0x147644,6,,,各務,,
0x144595,6,0x8a208,4,合唱,,
0x1480cd,6,0x8a210,4,合従,,
0x14386f,6,0x8a200,4,合掌,,
0x13d95e,6,,,吉岡,,
0x142667,6,,,吉村,,
0x1474f5,9,,,吉沢亮,,
0x1424fe,9,0x8d124,6,吉祥寺,,
0x13ee96,9,,,吊り橋,,
0x145c6a,15,,,吊り橋効果,,
0x149470,12,0x8a0c0,8,同人作家,,
0x149ccb,12,,,名誉市民,,
0x140b0c,24,,,君は何も知らない,,
0x1417b9,12,,,君恋し編,,
0x147458,12,0x8c604,8,吸血欲求,,
0x145b9d,12,0x8c2ac,8,吹奏楽部,,
0x145491,9,0x8b178,6,和歌山,,
0x1461ee,12,,,和遥キナ,,
0x146fd6,3,,,咲,,
0x14407f,6,,,啓一,,
0x149465,6,0x89ebc,4,善郎,,
0x14708a,15,,,喉が痒い…,,
0x14685d,18,0x8c61c,12,喉が痒くなる,,
0x1488db,9,0x8af24,6,喜一郎,,
0x1473dd,6,0x8af3c,4,喜八,,
0x143fdf,24,0x8c324,16,喫茶店で立ち聞き,,
0x13d4d5,24,,,営林署の器材小屋,,
0x140fd2,6,0x8b6bc,4,嘉音,,
0x13dd5c,18,,,嘘だぁ！！！,,
0x149bea,18,,,嘘だっちゃ！,,
0x1432f1,12,,,嘘だッ！,,
0x13ee42,9,,,嘘だ！,,
0x145314,18,,,四年目の足音,,
0x148dff,24,,,四番目の「検体」,,
0x14460b,9,0x8b318,6,図書館,,
0x14022e,6,0x8a274,4,国旗,,
0x1455a7,12,,,園崎お魎,,
0x147d59,9,,,園崎家,,
0x144266,18,,,園崎家の地下,,
0x149087,18,,,園崎組事務所,,
0x13ed43,9,,,園崎茜,,
0x13ccfb,12,,,園崎詩音,,
0x1444f5,12,0x8d6c0,8,園崎魅音,,
0x13d808,9,0x8c29c,6,園芸部,,
0x1489b7,12,0x8d204,8,土建職人,,
0x13f401,9,0x8be9c,6,土浦大,,
0x1423f3,6,0x8a004,4,圭一,,
0x13d511,15,,,圭一の勝利,,
0x1438d4,21,0x8b28c,14,圭一の固有結界,,
0x13d943,12,,,圭一の父,,
0x13e2e6,15,,,地元説明会,,
0x1417ef,6,,,垣内,,
0x145c19,9,,,埼玉県,,
0x1454f8,6,0x8c76c,4,塚田,,
0x144b22,6,0x89dc4,4,塩味,,
0x1453fb,6,0x89ffc,4,夏美,,
0x13ceb6,24,,,外来の自己負担額,,
0x13eea0,15,,,多臓器不全,,
0x1495fe,12,,,夜更し編,,
0x146a62,9,,,夢の国,,
0x13f35b,12,0x8a47c,8,夢交し編,,
0x141fc8,9,,,大中小,,
0x1496de,21,,,大人向けの雑誌,,
0x14390a,9,0x8c08c,6,大公爵,,
0x141604,9,0x8a3bc,6,大富豪,,
0x13cbe8,6,0x8bfdc,4,大杉,,
0x1445bc,18,0x8ae64,12,大江戸捜査網,,
0x141102,12,0x8d98c,8,大浦冬華,,
0x146e02,6,0x8b734,4,大石,,
0x140b8f,15,,,大石と富竹,,
0x13e66e,15,,,大石と熊谷,,
0x144048,12,0x8d680,8,大石蔵人,,
0x13fae4,6,0x8c2e4,4,大谷,,
0x146e58,12,0x8c4ac,8,大阪府警,,
0x146f57,6,,,大高,,
0x13f4ee,12,,,天弄御魂,,
0x13f40b,6,0x8bf5c,4,天竺,,
0x148a1a,12,0x8d8fc,8,天草十二,,
0x14263e,18,,,太めの注射針,,
0x140ed8,6,,,失意,,
0x149dc1,6,,,失神,,
0x149c29,12,,,奈落の花,,
0x13e3f8,12,0x8a830,8,奉亀克寿,,
0x141e5a,3,,,奏,,
0x147a72,21,,,女王の母の不信,,
0x140802,24,,,女王への協力依頼,,
0x141eef,9,,,女王様,,
0x144e3a,6,,,女神,,
0x1495b0,6,,,妄想,,
0x146f40,12,,,嫌だッ！,,
0x14324f,9,0x8c3d4,6,宇宙人,,
0x145c2a,9,,,宇宙船,,
0x147667,15,,,安いホテル,,
0x13d246,6,0x8a344,4,安藤,,
0x142c65,15,0x8b768,10,完売なのは,,
0x14895b,6,0x8c24c,4,宗教,,
0x1444d8,12,,,定期監査,,
0x141643,12,0x8a824,8,宝亀克久,,
0x140270,12,0x8a818,8,宝亀克寿,,
0x13fa0f,9,0x8a2cc,6,宝石店,,
0x1404a4,24,,,実に美味しそう！,,
0x13fdad,15,,,実は男の娘,,
0x149575,9,0x8d6f8,6,実は裸,,
0x13fb18,15,0x8c5ac,10,宮城季詩子,,
0x13cc26,12,0x8c80c,8,宮田光貴,,
0x14748f,12,0x8c7f4,8,宮田幸季,,
0x1402e8,18,0x8c348,12,家具が増えた,,
0x144ce1,6,,,富山,,
0x145d6e,15,,,富田と岡村,,
0x13f3d7,6,0x8b348,4,富竹,,
0x1433c9,15,,,富竹と鷹野,,
0x147c8f,15,,,富竹の背中,,
0x144a86,15,0x8d674,10,富竹ジロウ,,
0x1425ae,21,,,対戦アクション,,
0x149c77,7,,,対象a,,
0x13d387,7,,,対象r,,
0x14551f,6,0x8cf84,4,射撃,,
0x13dd11,9,0x8d238,6,小児科,,
0x149cd8,12,,,小料理屋,,
0x13fbff,9,,,小日向,,
0x13f45e,9,0x8d0bc,6,小早川,,
0x142493,6,0x8b6f4,4,小林,,
0x1408fa,12,0x8b7fc,8,小林ゆう,,
0x13f3ea,12,0x8b814,8,小林ゆゆ,,
0x146925,15,,,小池ノクト,,
0x13edaa,9,,,小走り,,
0x14249a,15,0x8b7a0,10,小野かおる,,
0x140fd9,12,0x8b77c,8,小野大輔,,
0x143fb3,12,0x8b794,8,小野清舟,,
0x1490c7,12,,,少女漫画,,
0x13cc89,12,0x8d87c,8,尾八白様,,
0x148899,6,0x8a2a4,4,居間,,
0x14569a,6,,,屋上,,
0x144c7a,6,0x8cfe0,4,山下,,
0x1445fd,6,0x8b168,4,山口,,
0x13ec94,6,0x8d0a4,4,山本,,
0x142cd2,6,0x8d3cc,4,山沖,,
0x13ec66,6,0x8c774,4,山田,,
0x14339d,6,,,山羊,,
0x14750b,6,,,岐阜,,
0x146f4d,9,,,岐阜県,,
0x1424e2,12,0x8c4b8,8,岐阜県警,,
0x14906d,18,,,島みやえい子,,
0x13df35,3,,,崖,,
0x147b20,3,0x8a34c,2,嶋,,
0x147be6,6,0x8d0b4,4,川上,,
0x1424aa,12,0x8b84c,8,川淵奈々,,
0x145b89,3,0x8c120,2,工,,
0x142683,15,,,工事の看板,,
0x145429,6,0x89df4,4,左腕,,
0x147c40,12,0x8d91c,8,左藤利奈,,
0x13e44d,3,0x8c128,2,巧,,
0x147d29,6,,,巫女,,
0x1434d0,9,,,巫女服,,
0x13d804,3,0x8b71c,2,巴,,
0x14388d,12,0x8a804,8,巴かすみ,,
0x14128d,15,,,市民プール,,
0x13f33b,6,0x8a25c,4,布団,,
0x13d77e,6,0x8a1d4,4,帝王,,
0x143b38,12,,,平成元年,,
0x147ce3,12,,,平行世界,,
0x144656,15,0x8c58c,10,年号が違う,,
0x13d228,6,0x89f4c,4,幸一,,
0x13d7a4,6,0x8a5f8,4,幸助,,
0x14457a,6,0x89ea0,4,幸子,,
0x1439f7,12,,,幸探し編,,
0x149a7e,12,0x8a470,8,幸遠し編,,
0x1483b0,18,,,幻の控え投手,,
0x141054,18,0x8c62c,12,幻覚が見える,,
0x1496ad,12,,,幽体離脱,,
0x149162,24,,,幽霊マネージャー,,
0x148a04,12,0x8d588,8,広報室長,,
0x149bbb,15,0x8d53c,10,座敷わらし,,
0x148ece,3,0x8a2a0,2,庭,,
0x13fba0,6,,,廃車,,
0x144d96,15,,,建設省職員,,
0x13cecf,12,,,引き分け,,
0x13cb76,3,0x89ec4,2,弘,,
0x1418fc,3,,,弟,,
0x1403dd,3,,,弦,,
0x147043,12,,,弾丸直球,,
0x149b06,18,0x8bfb0,12,形状記憶合金,,
0x13d365,3,,,彩,,
0x13edf2,6,,,彩り,,
0x14406a,6,0x8d8d0,4,彩花,,
0x14675c,6,0x8a4e0,4,彩音,,
0x144b3c,9,0x8a0d4,6,彫刻家,,
0x147620,3,,,影,,
0x144c2a,6,0x8c23c,4,彼女,,
0x14969e,6,,,彼氏,,
0x13d8a6,18,0x8d4e4,12,後ろに下がる,,
0x1453f4,6,0x899b4,4,後尾,,
0x144d18,6,,,後編,,
0x14561f,6,,,徒歩,,
0x13fd3a,9,,,従兄弟,,
0x1418e6,9,,,御神輿,,
0x148ff8,9,0x8d790,6,徹甲弾,,
0x141d65,12,0x8b468,8,心癒し編,,
0x13ec3f,6,0x8c0c0,4,心霊,,
0x146e8d,15,0x8c8f0,10,志茂田麻美,,
0x143487,18,,,急用で帰った,,
0x147532,3,,,怪,,
0x14262b,6,,,息子,,
0x13d79d,6,0x8a5f0,4,悟史,,
0x13df49,9,,,悪戯狸,,
0x146856,6,0x8c3c8,4,悪魔,,
0x143f63,3,0x8a528,2,想,,
0x148437,18,,,意外に家庭的,,
0x1424d4,3,0x8c30c,2,愛,,
0x145b14,6,0x8b180,4,愛媛,,
0x13e451,12,0x8c4c4,8,愛知県警,,
0x143443,24,,,感覚を研ぎ澄ませ,,
0x146882,3,0x8c75c,2,慎,,
0x14320d,6,0x8b69c,4,戦人,,
0x1475b0,6,,,戦略,,
0x1490c0,6,,,戦術,,
0x144d2b,6,,,戦闘,,
0x149660,15,,,手作り弁当,,
0x1455bc,9,,,手料理,,
0x13d2c7,12,0x8c960,8,折笠富子,,
0x14108c,15,0x8c948,10,折笠富美子,,
0x149c13,9,,,抜け穴,,
0x1460ca,6,0x8b214,4,拓央,,
0x149c92,3,,,拡,,
0x1404bd,12,,,拷問器具,,
0x146e1e,6,0x8c0b8,4,振鈴,,
0x1441dc,21,,,捜査一課の目暮,,
0x1494a5,9,0x8af9c,6,推薦組,,
0x143f39,6,0x8a1a8,4,放火,,
0x1424d8,9,0x8c404,6,政治家,,
0x14052d,12,,,敗北宣言,,
0x1416fa,6,0x8c388,4,教師,,
0x146196,3,,,散,,
0x14254d,9,,,散弾銃,,
0x13ebdc,6,0x8a60c,4,文乃,,
0x1454df,9,0x8c2b8,6,文芸部,,
0x145bcb,6,0x8cfbc,4,料亭,,
0x13fa20,3,0x8a3f4,2,斧,,
0x14709a,9,,,断った,,
0x149a36,12,,,新しい風,,
0x144e4d,18,,,新刊が落ちた,,
0x141f90,9,,,新聞紙,,
0x146e80,12,0x8c838,8,新谷涼子,,
0x145bbe,12,0x8c82c,8,新谷良子,,
0x1434b9,12,,,方位磁石,,
0x149ba8,3,0x8d448,2,旗,,
0x143b5f,24,,,日替わりデザート,,
0x140b9f,21,,,日替わりランチ,,
0x142d03,9,,,日本刀,,
0x149129,6,,,日直,,
0x13f3f7,9,0x8be94,6,日立大,,
0x13d493,12,,,日間賀島,,
0x147bc1,3,0x8c308,2,明,,
0x147384,6,0x89dfc,4,明日,,
0x1454af,9,0x8b6cc,6,明日音,,
0x13e3ba,6,0x8a1cc,4,明王,,
0x149d8c,6,,,明石,,
0x1490e1,15,,,星海社文庫,,
0x142c0f,12,0x8a6d8,8,星総一郎,,
0x14131d,11,,,昭和47年,,
0x13cea0,11,,,昭和53年,,
0x147653,11,,,昭和60年,,
0x141563,21,,,昭和５８年６月,,
0x13ec0a,6,0x8b5a0,4,時報,,
0x142608,9,,,時報役,,
0x13d9df,9,,,普段着,,
0x140edf,15,,,普通に開始,,
0x13e2f6,24,,,暇潰し編のカケラ,,
0x13d405,15,,,暗黒四天王,,
0x14178e,6,,,曹長,,
0x147b5f,24,0x8b278,16,最初に惚れる相手,,
0x14235e,21,,,最初の「検体」,,
0x1473ec,21,0x8b29c,14,最後の対決方法,,
0x140468,6,,,有村,,
0x149b61,6,0x8c77c,4,有田,,
0x13e427,12,0x8b808,8,木林ゆう,,
0x1479cc,45,0x86e2c,30,未定義メニュー番号が呼ばれた。,调用了未定义的菜单编号。,
0x13f163,153,,,本体の設定で自動スリープを有効にしている場合、オートモード進行中は一時的に自動スリープが抑制されます。,如果在主机设置中启用了自动休眠功能，则在自动模式运行期间，自动休眠功能将被暂时禁用。,
0x13e257,18,,,本編を続ける,继续本篇,
0x141019,3,0x8c304,2,朱,,
0x147d83,18,,,村のアイドル,,
0x145abc,12,0x8a464,8,村崩し編,,
0x1416b1,15,0x8b75c,10,村田ゆかり,,
0x1445ac,15,0x8a7cc,10,村田ゆりか,,
0x1425d0,9,,,村田姫,,
0x148b2a,6,,,村長,,
0x145bd9,6,0x8d078,4,来花,,
0x146d77,6,0x8aebc,4,東京,,
0x148210,21,0x8d5fc,14,東京地方検察庁,,
0x13f39c,12,0x8ae58,8,東京都庁,,
0x13e3c1,15,0x8a418,10,松井菜桜子,,
0x140235,6,0x8a334,4,松岡,,
0x146935,12,,,松澤由美,,
0x144eb3,9,,,松竹梅,,
0x1491ae,6,,,松茸,,
0x149014,12,,,染シミ子,,
0x145526,6,0x8d044,4,柳桜,,
0x146262,6,,,校医,,
0x1469e8,6,,,校長,,
0x141740,9,0x8d7a0,6,核弾頭,,
0x144034,9,0x8d3f0,6,格闘技,,
0x13ecc4,6,0x8d8c8,4,桃花,,
0x13fc1c,12,,,桐原歩鳥,,
0x13cc46,6,0x8d054,4,桜桃,,
0x149b85,6,0x8d080,4,桜花,,
0x145b82,6,0x8c064,4,梅酒,,
0x146e74,3,0x8c760,2,梢,,
0x140f7d,6,0x8a110,4,梨花,,
0x13df10,15,,,梨花の両親,,
0x141fe8,15,,,梨花の勝利,,
0x143426,15,,,梨花の母親,,
0x13ee2d,15,,,梨花の父親,,
0x144c94,3,0x8d394,2,森,,
0x13ecf0,6,,,椅子,,
0x13ed3b,7,,,検体s,,
0x14130d,3,,,椿,,
0x143f67,12,0x8a724,8,楯山麻衣,,
0x149525,9,0x8c544,6,極デレ,,
0x13f4c3,3,,,楽,,
0x147b15,6,0x8a218,4,楽笑,,
0x144cc1,9,,,機関銃,,
0x14523b,89,,,次のチャプターか選択肢までスキップします。@rよろしいですか？,将跳至下一章节或选项。是否继续？,
,,0x86d18,46,"次のチャプターまで進みます。
よろしいですか？",将前进到下一章节。是否继续？,
0x13cc6c,6,0x8d264,4,歌姫,,
0x144624,15,0x8c008,10,正解はない,,
0x149ac6,6,0x8b2dc,4,正雄,,
0x140b49,6,,,歩道,,
0x140394,12,,,歯ブラシ,,
0x146113,15,0x8c570,10,死人が多い,,
0x13d237,6,0x8a1b0,4,殺人,,
0x140af6,21,,,母が熱を出した,,
0x145cd0,9,,,母さん,,
0x148411,6,,,民宿,,
0x13eddf,18,,,気の済むまで,,
0x13d299,9,0x8be8c,6,水戸大,,
0x14387d,15,0x8a7e0,10,水橋かおり,,
0x146269,18,,,水着の重要性,,
0x146747,12,0x8a42c,8,水野理紗,,
0x13dd7b,9,,,水鉄砲,,
0x1456bb,15,,,水鉄砲対決,,
0x13cd72,6,,,水飴,,
0x1431b6,12,0x8a864,8,氷上共子,,
0x149498,12,0x8a858,8,氷上恭子,,
0x148efa,12,0x8a870,8,氷上響子,,
0x13e434,12,0x8b884,8,永沢秀治,,
0x14738b,14,0x89e30,12,永遠の17歳,,
0x1412b5,18,,,汝、奉り給え,,
0x144e60,21,,,江戸川ケーイチ,,
,,0x8D910,8,佐藤利奈,,
0x148863,6,0x89e88,4,沁子,,
0x14094b,6,0x8d0ac,4,沖田,,
0x149bfd,9,,,沖縄県,,
0x1488a0,6,0x8a308,4,沙織,,
0x143914,6,0x8c744,4,沙英,,
0x13e30f,9,0x8a108,6,沙都子,,
0x13ee68,18,,,沙都子と悟史,,
0x13d415,18,,,沙都子と梨花,,
0x1496f4,24,,,沙都子のトラップ,,
0x13ce55,18,,,沙都子の叔母,,
0x142701,21,,,沙都子の家の隣,,
0x148b39,15,,,沙都子の母,,
0x143de7,45,,,沙都子を救いに戻り記憶を捨てる,,
0x14876a,45,,,沙都子を見殺しにして記憶を残す,,
0x13e5c7,18,,,沙都子＆梨花,,
0x1402c1,15,0x8b8b0,10,沢代みゆき,,
0x147b8f,15,0x8b898,10,沢城みゆき,,
0x145b3a,12,0x8b8a4,8,沢城美雪,,
0x13dcbc,12,0x8c1d0,8,泡だて器,,
0x13d8e4,6,,,泰夫,,
0x149a67,6,0x89e5c,4,洋子,,
0x13d448,9,,,洋菓子,,
0x13d4a0,18,,,活きがいい！,,
0x140514,24,,,流しそうめん対決,,
0x14329c,6,0x8d04c,4,流桜,,
0x14972a,6,,,浦安,,
0x14336a,15,,,海水パンツ,,
0x14182e,6,,,海音,,
0x1460b5,3,0x8a244,2,涙,,
0x1431a6,15,0x8a7ec,10,涼宮かおり,,
0x142c39,6,0x8b05c,4,深雪,,
0x14751c,9,,,清見村,,
0x141dcc,3,0x8c754,2,渚,,
0x146e25,3,0x8c19c,2,渡,,
0x148fc1,6,0x8d3a0,4,渡邉,,
0x141878,21,,,満塁ホームラン,,
0x1454ff,6,0x8c784,4,満田,,
0x1489b0,6,,,滝口,,
0x1424b7,9,0x8b87c,6,滝口林,,
,,0x8d00c,4,滝川,,
0x13e4ef,6,,,漆黒,,
0x13fbb8,15,,,漆黒の祭壇,,
0x14100f,9,0x8c2a4,6,演劇部,,
0x143ad9,6,,,演舞,,
0x13fa4f,6,0x8af74,4,漬物,,
0x149c8b,6,,,潜水,,
0x14463e,6,0x8c2d4,4,澤村,,
0x140a71,15,,,濡れた雑巾,,
0x13dd8d,12,,,瀬戸利樹,,
0x13ebe3,15,0x8a6f0,10,瀬戸総一郎,,
0x140b88,6,,,灯油,,
0x1460bd,12,0x8b0a0,8,炭水化物,,
0x1456b1,9,,,烏天狗,,
0x143214,6,0x8b6ec,4,烏養,,
0x1408b1,3,0x8aed8,2,無,,
0x13d9c4,6,,,無料,,
0x13fccf,21,,,焼き肉食い放題,,
0x13fce5,15,,,焼き芋大会,,
0x143981,9,0x8d798,6,焼夷弾,,
0x143b45,6,,,焼肉,,
0x147434,15,0x8c06c,10,焼肉のたれ,,
0x146978,3,,,煌,,
0x13fd85,21,,,煎餅の値引き率,,
0x13de44,21,,,煮物ありがとう,,
0x148233,3,0x8d720,2,熊,,
0x13dd4f,12,,,熊沢チヨ,,
0x146d68,6,0x8a674,4,熊田,,
0x13d428,9,,,熊肉重,,
0x13f4ac,6,,,熊谷,,
0x144786,18,,,熱いほうじ茶,,
0x13dd32,5,0x8d8f4,6,燕13,,
0x140299,12,0x8b474,8,燕返し編,,
0x13e4ba,9,0x8d7a8,6,爆裂弾,,
0x149d4a,24,,,父が起きなかった,,
0x14833a,9,,,父さん,,
0x14101d,21,0x8c358,14,父のキャバクラ,,
0x145d18,6,,,父親,,
0x146942,12,,,片霧烈火,,
0x13e69d,6,,,牛飼,,
0x14175e,15,,,牧野アンナ,,
0x148276,12,,,牧野沁子,,
0x143409,15,,,物置の屋根,,
0x13de71,18,,,特別メンバー,,
0x140a8e,9,,,特待生,,
0x13e60d,15,,,犠牲フライ,,
0x1404ed,6,,,犬飼,,
0x14023c,12,0x8a3c4,8,犯人探し,,
0x142530,3,0x8d724,2,狼,,
0x140975,3,0x8d728,2,猪,,
0x149101,3,,,猫,,
0x14919c,9,,,猫さん,,
0x144b52,12,0x8a458,8,猫殺し編,,
0x147b46,6,0x8ae98,4,玉美,,
0x144078,6,,,玲奈,,
0x144eca,21,,,現代メイド理論,,
0x141d72,12,0x8b4c8,8,現場監督,,
0x1467da,12,0x8b45c,8,現壊し編,,
0x142660,6,,,理香,,
0x149c96,6,,,瑞穂,,
0x145693,6,,,瑠音,,
0x141f77,12,,,生き字引,,
0x1441c9,18,,,生まれ変わり,,
0x145b33,6,0x8b6e4,4,田中,,
0x1408ed,12,0x8b7c8,8,田中一成,,
0x143fc0,12,0x8b7d4,8,田中三成,,
0x144bcf,9,0x8b7ec,6,田中拳,,
0x142cb5,12,0x8c800,8,田宮幸季,,
0x13dded,15,,,田村みこと,,
0x142c1c,15,0x8a7a8,10,田村ゆかり,,
0x142440,15,0x8a7c0,10,田村ゆりか,,
0x147cf0,12,,,田村姫命,,
0x14696b,12,,,田村媛命,,
0x14401e,6,0x8cff0,4,田淵,,
0x144c8d,6,0x8d11c,4,田無,,
0x14678b,15,0x8a7b4,10,田無ゆかり,,
0x13e4c4,12,0x8d998,8,田無三四,,
0x1460dd,15,0x8b384,10,田無美代子,,
0x1488d4,6,0x8aed0,4,田舎,,
0x149720,9,,,甲乙丙,,
0x146e6d,6,0x8c70c,4,甲部,,
0x1460aa,6,0x8a0cc,4,画家,,
0x14543c,6,0x8a1dc,4,界王,,
0x144e20,6,,,留学,,
0x14757e,12,,,畠山一馬,,
0x141047,12,0x8c610,8,疑心暗鬼,,
0x145c7a,3,,,病,,
0x148f0f,6,0x8aef8,4,病死,,
0x13e51c,9,,,症候群,,
0x1455e5,21,,,痛くない注射針,,
0x1462e0,3,,,白,,
0x140351,15,0x8d6ec,10,白い宇宙服,,
0x148876,24,0x8a060,16,白ヒゲのおっさん,,
0x13d18b,24,,,白川公園転落事故,,
0x146f7e,9,,,白川村,,
0x144240,9,,,百万円,,
0x1401b1,24,,,皆殺し編のカケラ,,
0x13d7e6,6,0x8b0d4,4,盆栽,,
0x1474a6,6,0x8d15c,4,盗撮,,
0x1491c4,6,,,監督,,
0x143aec,15,,,監視カメラ,,
0x14552d,12,0x8d1a8,8,目撃証言,,
0x141579,24,,,目明し編のカケラ,,
0x14681a,6,0x8b74c,4,目暮,,
0x141d8e,18,0x8bf8c,12,目覚まし時計,,
0x1411fe,24,,,目障りだ、失せろ,,
0x142d6d,12,,,相原優気,,
0x140b34,6,,,眞音,,
0x140ae9,12,,,真の監督,,
0x148fc8,18,0x8d4f4,12,真ん中を通る,,
0x1410bd,21,0x8d504,14,真上にジャンプ,,
0x13f474,6,0x8d424,4,真央,,
0x140898,9,0x8a654,6,真奈美,,
0x148269,12,0x8d95c,8,真島淳司,,
0x13dcc9,9,0x8c280,6,真知子,,
0x141739,6,0x8d41c,4,真緒,,
0x1410ac,6,0x8d42c,4,真魚,,
0x147c74,3,,,眼,,
0x1474ad,6,0x8d240,4,眼科,,
0x13edb4,18,,,着衣の重要性,,
0x13ce96,9,,,睡眠薬,,
0x13fb36,6,0x8c7e0,4,知恵,,
0x144826,15,,,知恵と入江,,
0x13fc33,15,,,知恵サマー,,
0x148ac8,15,,,知育ゲーム,,
0x146e11,12,0x8bf24,8,短距離走,,
0x13fb3d,9,0x8c924,6,石俊彦,,
0x1416f3,6,0x8c1a8,4,石原,,
0x13d9e9,9,,,石灰岩,,
0x13e2cc,12,,,研究快調,,
0x148de6,6,0x87d60,4,確認,确认,
0x1416aa,6,0x8b744,4,磯野,,
0x14256d,3,,,礼,,
0x147c6d,6,,,礼奈,,
0x1438b6,15,0x8b0c0,10,社交ダンス,,
0x147daf,9,,,社務所,,
0x141cc2,6,0x89e54,4,祐子,,
0x1424c8,3,0x8c094,2,神,,
0x13d957,6,,,神主,,
0x146031,15,,,神主の憂鬱,,
0x13d8fd,12,,,神代海凪,,
0x142d5d,15,,,神園しのぶ,,
0x1495f1,12,,,神姦し編,,
0x146829,6,0x8c0d0,4,神礼,,
0x144836,24,,,神社の裏手の小屋,,
0x14484f,18,,,神社の集会所,,
0x141001,6,0x8c0c8,4,神鈴,,
0x13df06,9,,,神隠し,,
0x143f5f,3,0x8a524,2,祟,,
0x13ee12,6,,,祟り,,
0x145344,24,,,祟殺し編のカケラ,,
0x13ecec,3,,,祭,,
0x1483f3,9,,,祭具殿,,
0x14451b,24,,,祭囃し編のカケラ,,
0x145c23,6,,,福井,,
0x144b35,6,0x89f60,4,秀樹,,
0x13e59c,21,,,私一人で充分だ,,
0x1481fa,21,0x8d5d8,14,科学捜査研究所,,
0x13fb54,21,0x8d5c8,14,科学警察研究所,,
0x1468ae,6,0x8d014,4,種田,,
0x1482e0,3,,,稲,,
0x142557,9,,,稲葉友,,
0x1424c1,6,0x8bf44,4,穀倉,,
0x13d883,24,0x8d344,16,穴を掘って埋まる,,
0x13dd45,9,0x8d9e0,6,穴子輝,,
0x14680b,6,0x8b6ac,4,空条,,
0x141d7f,6,0x8b5a8,4,空気,,
0x13d2dc,15,0x8d164,10,空気を読む,,
0x142770,21,,,空間を把握しろ,,
0x145ab1,6,0x8a1a0,4,窃盗,,
0x14273a,6,,,窒息,,
0x13cbb5,9,0x8af08,6,窒息死,,
0x13ec9b,21,0x8d324,14,立ったまま気絶,,
0x14830c,12,,,竜宮れな,,
0x142374,12,0x8d6ac,8,竜宮レナ,,
0x145c8a,12,,,竜宮０７,,
0x141008,6,0x8c244,4,競馬,,
0x13d32b,6,,,竹原,,
0x147b55,9,0x8b110,6,第一室,,
0x14247a,9,0x8b100,6,第七室,,
0x148f2c,9,0x8b108,6,第五室,,
0x13d267,9,0x8b118,6,第零室,,
0x1475a4,3,,,篝,,
0x13e40c,6,0x8b20c,4,篤士,,
0x141303,9,,,米一俵,,
0x148326,3,,,粋,,
0x141fb5,18,,,精神を鋭利に,,
0x14955c,12,0x8d224,8,精神外科,,
0x14248c,6,0x8b6c4,4,紗音,,
0x147a88,18,,,終末への誘い,,
0x140249,3,0x8a530,2,絆,,
0x13d260,6,0x8b090,4,絶食,,
0x147b1c,3,0x8a234,2,綿,,
0x141ef9,9,,,綿アメ,,
0x143809,24,,,綿流し編のカケラ,,
0x146fa2,15,,,緋賀ゆかり,,
0x1467ab,9,0x8af34,6,総一郎,,
0x13dc34,12,0x8a2c0,8,総合病院,,
0x144152,15,,,緑黄色野菜,,
0x142cfc,6,,,織田,,
0x13ec71,15,0x8c954,10,織笠富美子,,
0x13cbbf,6,0x8af58,4,缶詰,,
0x1434c6,9,,,缶蹴り,,
0x1460b1,3,0x8a238,2,罪,,
0x141c32,24,,,罪滅し編のカケラ,,
0x144731,12,,,罰恋し編,,
0x13d8c1,6,0x8d5ac,4,署長,,
0x14275d,6,,,羊飼,,
0x1445f6,6,0x8b064,4,美幸,,
0x140fad,6,0x8b054,4,美雪,,
0x142659,6,,,美音,,
0x147cc7,12,,,羞晒し編,,
0x141918,12,,,義理の妹,,
0x147afe,6,0x89ec8,4,義郎,,
0x141e1d,6,0x8d6b8,4,羽入,,
0x148f36,24,0x8b2ac,16,羽入と詩音の有無,,
0x13fb04,12,0x8c3f0,8,考古学者,,
0x1417af,9,,,耳かき,,
0x144ba7,12,0x8aff0,8,聖セレナ,,
0x1445dc,12,0x8afe4,8,聖ナポリ,,
0x13f3a9,12,0x8afd8,8,聖マリア,,
0x1431c3,15,0x8afcc,10,聖ルチーア,,
0x13d7fd,6,0x8b70c,4,聡志,,
0x142534,12,0x8d758,8,肉じゃが,,
0x14962a,12,,,肉フェス,,
0x142693,18,,,肉巻きお握り,,
0x13d98d,21,,,胃腸の弱い永沢,,
0x13ebfa,3,0x8b1d8,2,胸,,
0x13fda3,9,,,腕時計,,
0x140879,6,0x8a23c,4,臓物,,
0x14698c,9,,,自転車,,
0x149aff,6,0x8bf54,4,興宮,,
0x1412e0,18,,,興宮のホテル,,
0x14706c,21,,,興宮書房の大石,,
0x143470,9,,,興宮署,,
0x141cd9,24,0x8a084,16,舌を出した女の子,,
0x13dd1b,6,0x8d26c,4,舞姫,,
0x144c98,6,0x8d3a8,4,舞沢,,
0x148a91,3,,,舟,,
0x147d7c,6,,,良心,,
0x148962,6,0x8c270,4,芥川,,
0x13ec81,6,0x8cfa8,4,花屋,,
0x1447a1,6,,,花梨,,
0x13d4b3,6,,,花火,,
0x13cbae,6,0x8a684,4,花田,,
0x14845d,15,,,花田と藤田,,
0x146d49,6,0x89e98,4,芳子,,
0x13f412,6,0x8c164,4,芸能,,
0x146f27,12,0x8d9d4,8,若元紀夫,,
0x13fb7e,15,0x8d9c8,10,若本ノリ夫,,
0x148a2f,12,0x8d9bc,8,若本規夫,,
0x1469cd,18,,,苦くないお薬,,
0x141217,15,,,苺ショート,,
0x141ec8,6,,,苺祭,,
0x13ec6d,3,0x8c7e8,2,茜,,
0x14038a,9,,,茨城県,,
0x1481ed,12,0x8d1e4,8,茨城県警,,
0x13dec2,3,,,茶,,
0x13ec19,9,0x8b86c,6,茶風林,,
0x1402b7,9,0x8b874,6,茶風鈴,,
0x148319,12,,,草津の湯,,
0x1425da,6,,,荒川,,
0x14200c,18,,,荒川と利根川,,
0x14558f,15,,,荒川龍ノ介,,
0x14115d,12,,,荒川龍一,,
0x13ccbb,9,,,荘川村,,
0x140260,15,0x8a7f8,10,荻上かおり,,
0x147512,9,,,葉っぱ,,
0x14278e,6,,,葛西,,
0x14610f,3,0x8c300,2,蒐,,
0x1416a6,3,0x8b720,2,薙,,
0x13fb28,3,0x8c758,2,薫,,
0x146777,6,0x8a66c,4,藤田,,
0x144721,15,,,虚仮威し編,,
0x149080,6,,,虚言,,
0x148b23,6,,,蛍火,,
0x146763,3,0x8a52c,2,螺,,
0x13cd79,6,,,行司,,
0x1490d4,12,,,裏返し編,,
0x1415f7,12,0x8a2e0,8,製薬会社,,
0x145443,6,0x8a1e4,4,覇王,,
0x144e07,12,,,親族会議,,
0x13fbcf,9,,,解答編,,
0x143419,12,,,記憶喪失,,
0x143097,60,0x872a8,40,設定を初期値に戻します。よろしいですか？,设置项将会被恢复为初始值，要继续吗？,
0x143f48,6,0x8a318,4,詩織,,
0x140872,6,0x8a17c,4,詩音,,
0x146a6c,12,,,詩音の母,,
0x13d9ab,12,,,詩音の父,,
0x13d347,3,,,誓,,
0x13f4c7,12,,,語咄し編,,
0x1460b9,3,0x8a600,2,誠,,
0x14393c,6,0x8cf8c,4,読書,,
0x1446a6,6,0x8d3f8,4,諜報,,
0x13fa24,12,0x8a504,8,諫山実生,,
0x13d7b3,9,0x8ae50,6,警察庁,,
0x1416d4,6,0x8bec0,4,警視,,
0x141d40,9,0x8ae48,6,警視庁,,
0x1454c1,9,0x8beb8,6,警視正,,
0x13ec23,9,0x8bec8,6,警視長,,
0x145b53,6,0x8bed0,4,警部,,
0x143943,9,0x8d184,6,警部補,,
0x1494f4,9,0x8bf4c,6,谷河内,,
0x1470d3,18,,,谷河内の廃屋,,
0x141c0f,21,,,谷河内の採石場,,
0x141f9f,6,,,豚肉,,
0x143f17,21,0x89dac,14,豚骨ショウガ味,,
0x14617f,3,0x8d72c,2,象,,
0x146320,9,,,賽銭箱,,
0x140ec2,21,,,赤いカプセル薬,,
0x13f5f1,18,,,赤い物の速度,,
0x148226,12,0x8d700,8,赤い羽衣,,
0x143206,6,0x8b694,4,赤坂,,
0x13fa66,12,0x8b378,8,赤坂美雪,,
0x148a43,12,,,赤楚衛二,,
0x144be1,15,0x8bf00,10,走り高跳び,,
0x13ebaf,6,0x89e64,4,路子,,
0x1446ee,6,,,軍曹,,
0x149d2d,6,,,転校,,
0x149a97,9,0x8aef0,6,転落死,,
0x147cdc,6,,,輪廻,,
0x144604,6,0x8b1a4,4,辰吉,,
0x13ebf3,6,0x8b19c,4,辰由,,
0x149abf,6,0x8b1b4,4,辰義,,
0x14167a,6,0x8b1ac,4,辰良,,
0x1438c6,6,0x8b0cc,4,農業,,
0x1470eb,21,,,近代メイド図鑑,,
0x13cf38,140,,,追加コンテンツがインストールされていないため、@rこのセーブデータをロードすることはできません。,由于未安装追加内容，无法读取此保存数据。,
0x146edc,24,0x8d358,16,逃亡して行方不明,,
0x1467f4,9,0x8b5b8,6,通過点,,
0x13ebb6,6,0x89f54,4,進一,,
0x147597,12,,,進入禁止,,
0x14888f,9,0x8a0dc,6,遊び人,,
0x141e5e,21,,,運気による変化,,
0x13dc90,15,0x8b7e0,10,道頓堀一成,,
0x140e81,10,,,達成率:,完成率:,
,,0x86f28|0x870d0|0x8f568,20,達成率:%d.%d％,完成率:%d.%d％,
0x140ac3,18,,,部活メンバー,,
0x144a96,12,,,部活結成,,
0x1480f0,6,0x8a67c,4,郷田,,
0x14422d,6,,,酒蔵,,
0x141852,6,,,酢豚,,
0x144b18,9,0x89dbc,6,醤油味,,
0x1425cc,3,,,采,,
0x1418a2,15,,,重機の隙間,,
0x13cc7b,6,0x8d398,4,野村,,
0x13e606,6,,,野球,,
0x147039,9,,,野球場,,
0x1469fc,12,,,野菜炒め,,
0x13ddb0,6,,,金塊,,
0x143f4f,15,0x8a3e4,10,金属バット,,
0x13f59a,9,,,金縛り,,
0x144175,12,,,鉄パイプ,,
0x13d292,6,0x8b704,4,鉄平,,
0x145ab8,3,0x8a3f0,2,鉈,,
0x144279,12,,,銀シャリ,,
0x140fe6,18,0x8b8bc,12,銅鑼野織乃楠,,
0x142581,15,,,銭湯の煙突,,
0x148f67,6,0x8b73c,4,鎌霧,,
0x1494bb,6,0x8b170,4,長崎,,
0x144071,6,,,長野,,
0x13f5e4,12,,,門前仲町,,
0x147c4d,12,0x8d950,8,間島淳司,,
0x149bdd,12,0x8d968,8,間島純次,,
0x144cb7,9,0x8da00,6,関俊一,,
0x148f93,9,0x8c91c,6,関俊彦,,
0x13f444,9,0x8c92c,6,関利彦,,
0x14900a,9,0x8d9f8,6,関友一,,
0x1446d2,9,0x8d9f0,6,関智一,,
0x13d8eb,9,,,除草剤,,
0x140866,3,0x8a014,2,陸,,
0x13fb9c,3,,,雀,,
0x1403e1,18,,,雛見沢停留所,,
0x149105,15,,,雛見沢分校,,
0x1483ca,24,,,雛見沢分署の大石,,
0x141329,6,,,雪絵,,
,,0x8a750,10,雪見沢五月,,
,,0x8b7b4,10,雪野かごめ,,
,,0x8a75c,10,雪野かなめ,,
,,0x8a738,8,雪野五月,,
,,0x8a744,8,雪野六月,,
0x148a11,8,0x8d8e0,8,雲雀13,,
0x141187,12,,,電撃大王,,
0x147d30,12,,,電撃文庫,,
0x149130,3,,,青,,
0x146fba,3,,,音,,
0x144c38,18,0x8c338,12,預金が減った,,
0x14314c,3,0x89df0,2,頭,,
0x13e67e,18,,,頭から被った,,
0x13dc5d,12,0x8b1e4,8,頭の良さ,,
0x140b3b,6,,,頭痛,,
0x143a57,9,,,頭突き,,
0x13ebc5,9,0x8a290,6,風呂場,,
0x141de8,6,0x8d088,4,風花,,
0x1491b5,6,,,風邪,,
0x143afc,18,,,飛び出し坊や,,
0x13e664,9,,,飛騨牛,,
0x142717,15,,,飲み干した,,
0x146a89,18,,,餃子のうまさ,,
0x148ae4,3,,,餅,,
0x141fae,6,,,馴鹿,,
0x149c6a,12,,,駐車禁止,,
0x13f4d4,12,,,駐輪禁止,,
0x13d84c,6,0x8cfe8,4,駒鳥,,
0x146a09,18,,,骨付きカルビ,,
0x13ee87,6,,,骨折,,
0x14240e,9,0x8a33c,6,高屋敷,,
0x145b73,6,0x8bfd4,4,高杉,,
0x149dd4,21,,,高枝切りばさみ,,
0x143a38,9,,,高津戸,,
0x1404f4,12,,,高田馬場,,
0x14174a,6,0x8c7c0,4,高野,,
0x1438cd,6,0x8b1dc,4,髪形,,
0x144645,3,0x8c3d0,2,鬼,,
0x13ce84,9,,,鬼の国,,
0x14619a,12,,,鬼ケ淵村,,
0x13ddfd,12,,,鬼ヶ淵沼,,
0x147bed,6,0x8d25c,4,鬼姫,,
0x1432b6,6,0x8d274,4,鬼婆,,
0x1460ed,12,0x8b450,8,鬼曝し編,,
0x13f52f,24,,,鬼曝し編アフター,,
0x144502,24,,,鬼隠し編のカケラ,,
0x1401ca,6,0x8a100,4,魅音,,
0x13cdc1,15,,,魅音と詩音,,
0x1446b9,6,0x8d414,4,魔央,,
0x144ebd,12,,,魔法の鏡,,
0x142dea,12,,,魔法少女,,
0x14559f,7,,,魔王k,,
0x143150,9,0x89f7c,6,鯛焼き,,
0x147bc5,12,0x8c5d0,8,鴻野貴光,,
0x149bd7,5,0x8d8ec,6,鶯13,,
0x141e30,6,0x8d85c,4,鷹埜,,
0x13e413,6,0x8b340,4,鷹野,,
0x13de5a,9,,,鷹野よ,,
0x140968,12,0x8d65c,8,鷹野三四,,
0x14741e,9,0x8be84,6,鹿嶋大,,
0x14177f,6,,,麗奈,,
0x148418,6,,,麦飯,,
0x14557a,12,,,麻婆豆腐,,
0x1402a6,6,0x8b724,4,麻尋,,
0x140b42,6,,,麻疹,,
0x140330,24,0x8d5e8,16,麻薬取締官事務所,,
0x13d24d,6,0x8a37c,4,麻雀,,
0x14561b,3,,,黄,,
0x13df20,12,,,黄泉の国,,
0x142591,6,,,黄金,,
0x142e1a,9,,,黄金郷,,
0x1475e3,3,,,黒,,
0x148fe8,15,0x8d6e0,10,黒い戦闘服,,
0x143a4a,12,,,黒板消し,,
0x14116a,9,,,黒澤工,,
0x13d2f8,18,0x8d334,12,鼻血吹き出す,,
0x1417d6,12,,,龍宮レナ,,
0x13e48b,6,0x8d05c,4,龍桜,,
0x1462b8,18,,,２階の雨どい,,
0x146018,24,,,Ｃ１０３投与実験,,
0x146fda,12,,,ＧＡ文庫,,
0x146890,21,0x8c7c8,14,ＪＪ・リックス,,
0x146fef,18,,,ＬＳＩゲーム,,